{
    "cumulative_timesteps": 26002750,
    "cumulative_model_updates": 3051,
    "policy_average_reward": 19.820037061431027,
    "epoch": 257,
    "ts_since_last_save": 2000186,
    "reward_running_stats": {
        "mean": [
            1.2540665286568975
        ],
        "var": [
            682393.3999387106
        ],
        "shape": [
            1
        ],
        "count": 39000
    },
    "obs_running_stats": {
        "mean": [
            0.009014354430034097,
            0.04458374831980862,
            0.026534938878875623,
            -0.006834448614533425,
            -0.009598500605109332,
            0.7562590169201269,
            0.0027248447177081452,
            0.016340490276210914,
            0.0013097697116958233,
            0.032712538335335654,
            -0.004148776713318561,
            -0.03534812942936283,
            0.09485959434321774,
            0.7002723292253346,
            0.0050152939207481545,
            0.28298837572288443,
            0.018497911725495673,
            0.0002702714400931436,
            -0.011443431895754542,
            -0.021218200718755735,
            0.06765560860251787,
            -0.0010237726161248688,
            -0.0011253052875243351,
            0.0003215535519751294,
            -0.0701117426857782,
            -0.0009611257639699647,
            -0.018125102421960488,
            -0.021702399670682798,
            -0.006606349352512661,
            0.22465633229135148,
            0.138558584401487,
            0.1403592956824341,
            0.10765520897619472,
            0.24081743369642544,
            0.5874689875492993,
            -0.020819190850011528,
            -0.01003309386173648,
            -0.17468384406490745,
            -0.018668293923895782,
            -0.010176352181274245,
            0.1632398559486258,
            -0.018699142115382063,
            0.8389478634089181,
            0.8753258206603519,
            -0.01939337458327869,
            -0.03944468319791,
            2.094829066516364e-13,
            -0.00412945660147886,
            0.011898901820012025,
            4.216798587775582e-13,
            -0.06177903331582971,
            -0.12357730809864138,
            1.396366534756059e-12,
            0.12881011316070495
        ],
        "var": [
            1362461.5531018954,
            2007028.6014103335,
            334351.3719872881,
            396719.72005621914,
            373580.17956929386,
            819165.7573264447,
            248471.34133090047,
            411503.0575867765,
            23278.27879489092,
            816698.8900641126,
            766054.9305791488,
            769324.3867350079,
            151746.41220779603,
            779859.1952749382,
            18538.679421139666,
            754207.6749160892,
            67714.89960350846,
            1003.728261181145,
            171217.77276938554,
            139162.88561289376,
            45906.92361392775,
            18169.902293047202,
            29752.140322072966,
            8135.7707371862825,
            4147737.3971126787,
            2518339.1366740693,
            1457986.7976724978,
            1258846.0556743126,
            1983572.2378863432,
            282435.27753524913,
            73003.91806183387,
            26990.704956165824,
            60146.00105946346,
            283453.7640447843,
            1059202.5946041958,
            1927044.3980636313,
            650322.140985934,
            2941385.468402469,
            7643.476686135409,
            665276.3246765285,
            2938985.6545798713,
            8957.898136355036,
            672444.91818889,
            648080.4108546759,
            133193.99936921755,
            150495.20899242285,
            36608.11627902731,
            134378.41344072705,
            257392.93432412838,
            34104.62812411277,
            1072879.9715842817,
            1706286.249427099,
            191289.38096661077,
            79477.4044268256
        ],
        "shape": [
            54
        ],
        "count": 3714726
    },
    "curriculum_state": {
        "stage": "DEFEND_CLEAR",
        "difficulty": 0.3078697463450292,
        "stage_iterations": 5,
        "ema_touch_rate": 0.5629492397660819,
        "ema_goal_rate": 0.2220864160401003
    }
}