{
    "cumulative_timesteps": 12100370,
    "cumulative_model_updates": 1359,
    "policy_average_reward": 22.159768090789726,
    "epoch": 116,
    "ts_since_last_save": 300014,
    "reward_running_stats": {
        "mean": [
            2.308810736117373
        ],
        "var": [
            142937.89348063638
        ],
        "shape": [
            1
        ],
        "count": 18150
    },
    "obs_running_stats": {
        "mean": [
            0.005785796368243899,
            0.30022995750595405,
            -0.004160723031548151,
            -0.0003219188350058677,
            -0.0026642176133249494,
            0.7758851213665052,
            0.0007199250515922095,
            0.07512217204352908,
            0.0011764729031718492,
            0.08178038045741642,
            0.6297996796256677,
            0.004031969188759946,
            0.021719457932761695,
            0.03973519034532167,
            0.00019561686785481331,
            -0.016431735393033574,
            -0.00038360846723680075,
            0.016365677726007957,
            0.2345089404351163,
            0.13268307015253586,
            0.1567874727646583,
            0.0799910751253523,
            0.07007127044432437,
            0.15261856481034256,
            0.6378883150770273,
            0.1924345531758294,
            -0.0038150129073115857,
            -0.5609951971959939,
            -0.013995892205262535,
            -0.008440461282362243,
            0.5588570569292388,
            -0.011562433898376266,
            0.7325717375267489,
            0.9608134933735897,
            0.0034152822330213235,
            -0.007444656183482025,
            2.9116757561866574e-22,
            9.881531760798655e-05,
            -0.020255465828257792,
            -4.632211430296955e-23,
            0.0069659188988437,
            -0.025072688549860965,
            -1.0091603473146938e-21,
            0.09799810644163982
        ],
        "var": [
            617470.4796273949,
            820588.6956836256,
            134547.65201624695,
            167319.2175216575,
            155375.539838298,
            365126.4748125549,
            77429.86047671462,
            105843.67207065246,
            6982.163630884799,
            48203.59686375939,
            402976.06757697376,
            88469.27848404802,
            90893.46323199467,
            9351.370502888954,
            7767.413515574877,
            11681.024058390592,
            1963.5267236508002,
            597306.6036308188,
            932394.9195013327,
            72910.6973422219,
            42447.0236647942,
            9998.112059507479,
            10088.363885410103,
            102868.56391359474,
            475508.6047247855,
            917609.8952789028,
            256657.5226093677,
            926465.8633786679,
            1194.8716325511405,
            237482.65560758222,
            950765.7958902714,
            1493.5240720296,
            236253.28960300292,
            200161.33790891198,
            62423.11707869518,
            86219.27816595368,
            5540.418579159644,
            49399.32506441122,
            86668.1297449132,
            6909.858697502607,
            269621.8075232464,
            403505.79172615614,
            25303.82469272724,
            56756.70762088435
        ],
        "shape": [
            44
        ],
        "count": 1728646
    },
    "curriculum_state": {
        "stage": "SELF_PLAY",
        "difficulty": 0.12,
        "stage_iterations": 1,
        "ema_touch_rate": 0.2,
        "ema_goal_rate": 0.2
    }
}