{
    "cumulative_timesteps": 26002867,
    "cumulative_model_updates": 3102,
    "policy_average_reward": 0.10862036039607392,
    "epoch": 259,
    "ts_since_last_save": 2000242,
    "reward_running_stats": {
        "mean": [
            0.9154607057571411
        ],
        "var": [
            644226.75
        ],
        "shape": [
            1
        ],
        "count": 39000
    },
    "obs_running_stats": {
        "mean": [
            0.005907589104026556,
            0.03930451348423958,
            0.0268494114279747,
            -0.0012746186694130301,
            -0.008805587887763977,
            0.7310155034065247,
            -0.00011542876745807007,
            0.02500102110207081,
            0.0013540154322981834,
            0.03247509151697159,
            -0.004663299303501844,
            0.009448696859180927,
            0.08723147958517075,
            0.6581689715385437,
            0.004181734286248684,
            0.32718467712402344,
            0.02309354580938816,
            0.0003626576508395374,
            -0.0044883741065859795,
            -0.018069613724946976,
            0.06235600262880325,
            3.6050645576324314e-05,
            -0.004997648764401674,
            0.0002137210249202326,
            -0.07126680016517639,
            -0.00027415333897806704,
            0.012158844619989395,
            -0.0037227796856313944,
            -0.008226950652897358,
            0.18661503493785858,
            0.15993176400661469,
            0.12923495471477509,
            0.10041893273591995,
            0.21145547926425934,
            0.5426842570304871,
            -0.05495893582701683,
            -0.0018425111193209887,
            -0.1401558816432953,
            -0.017402106896042824,
            -0.003006009152159095,
            0.12026828527450562,
            -0.019664201885461807,
            0.8830962777137756,
            0.8214821815490723,
            -0.008723602630198002,
            -0.023740727454423904,
            3.984363023974008e-13,
            0.00035022306838072836,
            -0.010561461560428143,
            1.9368410954928583e-12,
            -0.006929404567927122,
            -0.0985507145524025,
            6.474381794574491e-12,
            0.16356134414672852
        ],
        "var": [
            1326056.125,
            2000667.375,
            369222.375,
            405409.96875,
            402734.125,
            881732.1875,
            219217.921875,
            399427.0625,
            20309.48046875,
            922743.4375,
            845206.1875,
            821034.75,
            139707.296875,
            838957.0,
            15528.234375,
            821137.625,
            81817.8125,
            1329.298828125,
            222960.6875,
            181338.375,
            46964.41015625,
            20640.291015625,
            36280.76171875,
            8139.51611328125,
            4239950.5,
            2475537.25,
            1428633.0,
            1308929.0,
            2017200.25,
            250703.0,
            91661.453125,
            26747.69140625,
            53954.87890625,
            293535.8125,
            1180366.75,
            1965153.875,
            587224.9375,
            3047142.75,
            7182.5712890625,
            666821.8125,
            2981377.75,
            8697.3759765625,
            653445.1875,
            653020.8125,
            218498.4375,
            236503.8125,
            27973.708984375,
            172805.8125,
            348250.40625,
            31304.19140625,
            1207767.75,
            1802600.5,
            148354.03125,
            118217.5546875
        ],
        "shape": [
            54
        ],
        "count": 3714708
    },
    "curriculum_state": {
        "stage": "SELF_PLAY",
        "difficulty": 0.9958675966449373,
        "stage_iterations": 45,
        "ema_touch_rate": 0.9999564438570343,
        "ema_goal_rate": 0.9998753142186196
    }
}