{
    "cumulative_timesteps": 32002103,
    "cumulative_model_updates": 3795,
    "policy_average_reward": -0.0029799121788993688,
    "epoch": 318,
    "ts_since_last_save": 2000122,
    "reward_running_stats": {
        "mean": [
            1.2050544251691104
        ],
        "var": [
            876240.5188328439
        ],
        "shape": [
            1
        ],
        "count": 48000
    },
    "obs_running_stats": {
        "mean": [
            0.005566150697275455,
            0.021181815077260895,
            0.03037011759610761,
            -0.005813679018839038,
            -0.008217121144389175,
            0.7403211373023965,
            0.0012282085125176034,
            0.014725899389209963,
            0.0016259238571580713,
            0.04033344122459042,
            0.0001338568957497302,
            -0.029699309764360037,
            0.0942893645389452,
            0.6981680098601326,
            0.0058905776383762634,
            0.2778757794937892,
            0.01878000333027787,
            0.00048084061893428415,
            -0.002413839404518223,
            -0.01765481933507289,
            0.07013225480018238,
            -0.00042068156912076853,
            -0.0019484080003750442,
            0.0003862437677687046,
            -0.05766313086577385,
            0.0005081207040794138,
            0.004929589948423335,
            -0.010537909165835538,
            -0.02886450645634087,
            0.22650558752267053,
            0.13749849490894378,
            0.14457655860466825,
            0.11257693266550582,
            0.24953788965637852,
            0.5849677836991779,
            -0.061377684962356224,
            -0.0023517231871829926,
            -0.11689145189200151,
            -0.018793867972361336,
            -0.002805384946634393,
            0.10028920643882559,
            -0.021044900227550952,
            0.8818380145645937,
            0.8304928815282708,
            -0.0016115685129163423,
            -0.02304940978379381,
            6.303810910612203e-13,
            -0.0012688079402298903,
            0.00381044765487169,
            -1.4904294796940006e-13,
            -0.01793919118710417,
            -0.09705730913500461,
            -2.797485174562608e-12,
            0.13412103360496483
        ],
        "var": [
            1609776.594879459,
            2500493.8354236945,
            450639.79865589086,
            510993.28492664936,
            493425.9443886308,
            1055075.4554227514,
            309091.1261782724,
            546590.4234412204,
            30097.481855529142,
            1064586.0554044035,
            948889.3607929739,
            966919.551955488,
            192179.11466877133,
            960953.7786482135,
            26378.57387354499,
            918250.1810532846,
            82443.56581358663,
            2159.602423958636,
            204875.98083007798,
            163580.1504833378,
            64732.74052323169,
            23029.89443926183,
            38379.45826445722,
            11302.224764198172,
            5172519.207794859,
            3010368.4182015797,
            1832635.1407485094,
            1535087.0066446743,
            2426740.267777047,
            361346.5901714619,
            85602.76324228427,
            34129.58052080654,
            81541.65981671188,
            364796.7090945342,
            1303507.173802519,
            2360802.5953569966,
            766391.8604738431,
            3734383.0474009137,
            10300.64129734557,
            848269.5880758344,
            3659179.5921719824,
            12114.24098742266,
            822897.0291691555,
            824448.0115848586,
            177651.69697192722,
            193024.84214237347,
            46709.704473746104,
            179141.6039539524,
            344032.25485045894,
            45660.2586291448,
            1473284.6472605886,
            2245439.611620901,
            272494.8719084828,
            97399.81687201085
        ],
        "shape": [
            54
        ],
        "count": 4571739
    },
    "curriculum_state": {
        "stage": "SELF_PLAY",
        "difficulty": 0.9870457923860638,
        "stage_iterations": 34,
        "ema_touch_rate": 0.9994929397599088,
        "ema_goal_rate": 0.9994929397599088
    }
}