{
    "cumulative_timesteps": 28003109,
    "cumulative_model_updates": 3342,
    "policy_average_reward": -0.05346086304275616,
    "epoch": 279,
    "ts_since_last_save": 2000242,
    "reward_running_stats": {
        "mean": [
            0.8435356020927429
        ],
        "var": [
            699770.5
        ],
        "shape": [
            1
        ],
        "count": 42000
    },
    "obs_running_stats": {
        "mean": [
            0.006583830341696739,
            0.04689521715044975,
            0.027766592800617218,
            -0.0010708346962928772,
            -0.008721454069018364,
            0.7331451177597046,
            -8.458716911263764e-05,
            0.027782795950770378,
            0.0012668739072978497,
            0.03179146349430084,
            -0.004705182742327452,
            0.009056503884494305,
            0.08437774330377579,
            0.6582859754562378,
            0.004321001004427671,
            0.32067468762397766,
            0.02345491200685501,
            0.00044025000534020364,
            -0.003208247246220708,
            -0.014281133189797401,
            0.06469947099685669,
            2.4812776246108115e-05,
            -0.006392091512680054,
            0.00022912387794349343,
            -0.06621475517749786,
            -0.00025476631708443165,
            0.01154642179608345,
            -0.0016139410436153412,
            0.005723032169044018,
            0.1865578293800354,
            0.16526402533054352,
            0.12936796247959137,
            0.1020478680729866,
            0.21232762932777405,
            0.5419620871543884,
            -0.05780632048845291,
            -0.0010241165291517973,
            -0.13042870163917542,
            -0.017107883468270302,
            -0.002104543847963214,
            0.1116599440574646,
            -0.019361019134521484,
            0.8814173340797424,
            0.8223572373390198,
            -0.00618136627599597,
            -0.01704823039472103,
            8.392814438221152e-13,
            0.00028000804013572633,
            -0.018944935873150826,
            1.971153275326376e-12,
            -0.003223058767616749,
            -0.0815492570400238,
            6.676212100514833e-12,
            0.17448560893535614
        ],
        "var": [
            1431795.375,
            2152859.5,
            391802.96875,
            430533.5,
            428255.21875,
            939468.625,
            235199.28125,
            433835.40625,
            21294.89453125,
            977302.125,
            899329.25,
            886471.0,
            145167.71875,
            901303.875,
            17084.1328125,
            879037.3125,
            89032.96875,
            1746.96240234375,
            249789.296875,
            211876.9375,
            54411.453125,
            22864.185546875,
            41896.6015625,
            9358.0830078125,
            4602998.5,
            2685126.5,
            1541515.5,
            1404369.625,
            2180132.25,
            267860.625,
            105357.46875,
            29488.880859375,
            61361.23828125,
            315449.5,
            1267109.375,
            2121036.0,
            629331.3125,
            3295649.25,
            7509.087890625,
            711879.125,
            3226243.75,
            9098.814453125,
            696628.3125,
            695941.75,
            258874.78125,
            292214.5625,
            29251.669921875,
            197268.0625,
            419543.84375,
            33117.96875,
            1314561.25,
            1985234.75,
            152766.6875,
            142434.953125
        ],
        "shape": [
            54
        ],
        "count": 4000458
    },
    "curriculum_state": {
        "stage": "SELF_PLAY",
        "difficulty": 0.9988491216323504,
        "stage_iterations": 55,
        "ema_touch_rate": 0.9999953231947607,
        "ema_goal_rate": 0.9999866119661673
    }
}