{
    "cumulative_timesteps": 33002153,
    "cumulative_model_updates": 3888,
    "policy_average_reward": 0.18624923678191752,
    "epoch": 327,
    "ts_since_last_save": 1000050,
    "reward_running_stats": {
        "mean": [
            1.1949890780992372
        ],
        "var": [
            913341.040923517
        ],
        "shape": [
            1
        ],
        "count": 49500
    },
    "obs_running_stats": {
        "mean": [
            0.005063116591587027,
            0.02518867116248577,
            0.030930670823627885,
            -0.005806875409218284,
            -0.008097172705415418,
            0.7426284610259787,
            0.0011893718887617407,
            0.015804363731786123,
            0.001580779468904766,
            0.03974325945820039,
            0.0001855184611072702,
            -0.029348150567182246,
            0.09313456284840413,
            0.7011463996501642,
            0.0059282156995813275,
            0.27382889678455813,
            0.01858720101038426,
            0.0004747542497991944,
            -0.0023967377545117694,
            -0.016030348483894768,
            0.07147566638142624,
            -0.000407313310048931,
            -0.0024738329110008924,
            0.0003836643185759371,
            -0.05591579699100104,
            0.0004927234041863869,
            0.005175373499775205,
            -0.010538259243619593,
            -0.021996948462238035,
            0.22799886382093862,
            0.13846831615537483,
            0.14478351764308453,
            0.1136538839876308,
            0.2504367584065474,
            0.5848291081224127,
            -0.061269767821416424,
            -0.0022978653803390485,
            -0.11339014757070728,
            -0.018692215228874345,
            -0.002795842398105342,
            0.09721795010929415,
            -0.020897752155046318,
            0.8809578663001638,
            0.8310729851399667,
            -0.0016748212186851695,
            -0.0201719829983248,
            6.112790022312616e-13,
            -0.0012271221530595878,
            0.0006455915652398533,
            -1.4452658229115648e-13,
            -0.018153863212630444,
            -0.08954479225902312,
            -2.7127145338296282e-12,
            0.13689731756682508
        ],
        "var": [
            1661849.7727570473,
            2579359.8727482576,
            461351.5203846601,
            522461.16080792435,
            505608.286198804,
            1079852.4228735233,
            318712.4466327854,
            566751.2728763386,
            30843.80639848965,
            1084739.9349856938,
            967399.0062419708,
            997971.2032474166,
            196641.26123543564,
            985452.2861803168,
            27390.51942185143,
            938364.16383054,
            84201.14560053212,
            2199.596813318842,
            211877.0334679233,
            172092.05821788017,
            69125.59066513079,
            24014.645488725808,
            40608.24449808313,
            12072.237417671895,
            5358405.558451687,
            3117419.7791128466,
            1893662.3696794654,
            1580904.8441586024,
            2502039.6240658965,
            374075.8401519102,
            89387.24194094377,
            35452.14963216577,
            85898.42246804625,
            375147.68427811365,
            1339777.6159762056,
            2432537.1644903137,
            790542.5317304612,
            3854651.7396286926,
            10562.452892248602,
            872531.4692224419,
            3778860.0566547103,
            12423.78767410885,
            845511.4778760243,
            847060.4566524544,
            187523.9316903857,
            210278.55684452262,
            47906.53624707187,
            189361.81128317295,
            374235.16399795504,
            46921.64703654032,
            1525537.9690188908,
            2335292.306243654,
            278433.72720400454,
            104861.80739386487
        ],
        "shape": [
            54
        ],
        "count": 4714603
    },
    "curriculum_state": {
        "stage": "SELF_PLAY",
        "difficulty": 0.9886002972997362,
        "stage_iterations": 35,
        "ema_touch_rate": 0.9995943518079271,
        "ema_goal_rate": 0.9995943518079271
    }
}