{
    "cumulative_timesteps": 4000279,
    "cumulative_model_updates": 459,
    "policy_average_reward": 0.06796293679898374,
    "epoch": 39,
    "ts_since_last_save": 2000147,
    "reward_running_stats": {
        "mean": [
            0.08527436852455139
        ],
        "var": [
            582.4165649414062
        ],
        "shape": [
            1
        ],
        "count": 6000
    },
    "obs_running_stats": {
        "mean": [
            -0.00017820294306147844,
            0.9854367971420288,
            0.0,
            0.0,
            0.0,
            1.0,
            0.0,
            0.08455250412225723,
            0.0,
            0.0,
            0.0,
            0.0,
            0.37364432215690613,
            1.0,
            0.0,
            0.0,
            0.0,
            0.0,
            -1.1418192116252612e-05,
            0.12045196443796158,
            0.03632583096623421,
            -3.430799097259296e-06,
            -0.016551822423934937,
            0.0,
            0.0,
            0.0,
            0.0,
            -0.00016445534129161388,
            0.974256157875061,
            0.138335183262825,
            0.09714505821466446,
            0.017737137153744698,
            0.0446428582072258,
            0.08395572006702423,
            0.9843010306358337,
            0.9675484895706177,
            7.930227729957551e-05,
            -0.9947491884231567,
            -0.003686765907332301,
            4.7375375288538635e-05,
            0.998788058757782,
            -0.0023064883425831795,
            0.6157647967338562,
            0.9793790578842163,
            0.0,
            0.0,
            0.0,
            0.0,
            0.0,
            0.0,
            0.0,
            0.0,
            0.0,
            0.0
        ],
        "var": [
            14640.990234375,
            339.7260437011719,
            0.0,
            0.0,
            0.0,
            0.0,
            0.0,
            2741.85009765625,
            0.0,
            0.0,
            0.0,
            0.0,
            4563.26708984375,
            0.0,
            0.0,
            0.0,
            0.0,
            0.0,
            201.871826171875,
            1766.9493408203125,
            0.0,
            24.94988441467285,
            258.8036193847656,
            0.0,
            0.0,
            0.0,
            0.0,
            13674.4287109375,
            785.0150756835938,
            4580.361328125,
            1079.3656005859375,
            29.000282287597656,
            0.0,
            2703.369873046875,
            192.2637176513672,
            885.0479736328125,
            5623.177734375,
            12.686695098876953,
            0.06115157902240753,
            2331.493896484375,
            2.936598300933838,
            0.009164299815893173,
            1674.609619140625,
            1621.3514404296875,
            0.0,
            0.0,
            0.0,
            0.0,
            0.0,
            0.0,
            0.0,
            0.0,
            0.0,
            0.0
        ],
        "shape": [
            54
        ],
        "count": 571492
    },
    "curriculum_state": {
        "stage": "DRIBBLE",
        "difficulty": 0.0,
        "stage_iterations": 26,
        "ema_touch_rate": 0.0,
        "ema_goal_rate": 0.0
    }
}