{
    "cumulative_timesteps": 2000000,
    "cumulative_model_updates": 222,
    "policy_average_reward": 8.111052686029499,
    "epoch": 19,
    "ts_since_last_save": 2000000,
    "reward_running_stats": {
        "mean": [
            2.6603519916534424
        ],
        "var": [
            13499.224609375
        ],
        "shape": [
            1
        ],
        "count": 3000
    },
    "obs_running_stats": {
        "mean": [
            0.014354206621646881,
            0.32740211486816406,
            -0.019476866349577904,
            0.002100524725392461,
            0.012402155436575413,
            0.5499998927116394,
            0.001592576620168984,
            0.12043923139572144,
            0.006171409506350756,
            0.09490084648132324,
            0.27667945623397827,
            -0.0046617863699793816,
            -0.06325284391641617,
            0.006417796015739441,
            -0.0006135159637778997,
            -0.04599450156092644,
            -0.0023657677229493856,
            -0.005718003958463669,
            0.06666232645511627,
            0.028193380683660507,
            0.21160246431827545,
            0.0020236221607774496,
            0.04487228021025658,
            -0.06671832501888275,
            0.22926418483257294,
            0.06346357613801956,
            -0.0012331765610724688,
            -0.9392542243003845,
            -0.023241739720106125,
            -0.00031400343868881464,
            0.9784259796142578,
            -0.010204681195318699,
            0.5202410221099854,
            1.121977686882019,
            0.0,
            0.0,
            0.0,
            0.0,
            0.0,
            0.0,
            0.0,
            0.0,
            0.0,
            0.0
        ],
        "var": [
            99035.890625,
            118098.609375,
            37773.9296875,
            49083.91015625,
            45178.8515625,
            104969.3125,
            10438.7314453125,
            11512.7001953125,
            1374.8297119140625,
            4881.1259765625,
            57180.12890625,
            29674.94921875,
            23183.861328125,
            388.6228332519531,
            1533.458251953125,
            1693.062744140625,
            201.98883056640625,
            109288.34375,
            171435.046875,
            3488.4111328125,
            11358.001953125,
            4.6184306144714355,
            0.023888953030109406,
            16896.29296875,
            138960.671875,
            178468.15625,
            31243.04296875,
            2076.853271484375,
            198.1399688720703,
            11311.2734375,
            746.0173950195312,
            66.7855224609375,
            15208.6875,
            12400.4677734375,
            0.0,
            0.0,
            0.0,
            0.0,
            0.0,
            0.0,
            0.0,
            0.0,
            0.0,
            0.0
        ],
        "shape": [
            44
        ],
        "count": 285730
    }
}