{
    "cumulative_timesteps": 6700000,
    "cumulative_model_updates": 735,
    "policy_average_reward": 17.051810566485017,
    "epoch": 63,
    "ts_since_last_save": 2000000,
    "reward_running_stats": {
        "mean": [
            3.2879387445475174
        ],
        "var": [
            40330.001707328316
        ],
        "shape": [
            1
        ],
        "count": 10050
    },
    "obs_running_stats": {
        "mean": [
            0.00893266633668007,
            0.49394278324069407,
            -0.013467185611123651,
            -0.00041920399853586157,
            0.0022498168115109786,
            0.774584611789202,
            0.0014474949979732133,
            0.112437090322996,
            0.0022452368267028167,
            0.09375463260193907,
            0.6061144587420766,
            0.0039402863847785635,
            0.04439150075834772,
            0.023978381522974008,
            0.00030453847538349063,
            -0.021906933607746065,
            -0.0007790789360590988,
            0.021777188953248927,
            0.414081213844371,
            0.09756928325852367,
            0.14697454912052074,
            0.04213638963057543,
            0.0496707727182558,
            0.08067534350426803,
            0.6315851283145737,
            0.3745957888417719,
            -0.009503792594605591,
            -0.9455491464978273,
            -0.013369274028159543,
            -0.012971526326037526,
            0.9542113423097524,
            -0.00846205711147481,
            0.6238250457565129,
            1.0296029786503378,
            0.0,
            0.0,
            0.0,
            0.0,
            0.0,
            0.0,
            0.0,
            0.0,
            0.0,
            0.0
        ],
        "var": [
            293511.10571670457,
            361511.81273168593,
            68222.81018098899,
            89600.59850059338,
            82297.36378808426,
            210806.33709173292,
            24566.033385172694,
            31962.322110071887,
            2777.5570453414575,
            19719.132624376394,
            228450.11651231837,
            44172.85268704589,
            41619.13948786461,
            1178.3737385604759,
            2786.3955381630412,
            4259.195648360392,
            477.1293132073246,
            305345.9386268787,
            456277.54981198057,
            21778.021737201132,
            19985.117958386316,
            2603.2208563123068,
            705.6531937973284,
            44470.97861656458,
            297878.71225110564,
            469485.7393802021,
            93904.26643368849,
            6958.635114776745,
            345.6414461281703,
            75453.37041473809,
            10948.727009956128,
            358.4431494076057,
            96134.84712124243,
            76381.83445763504,
            0.0,
            0.0,
            0.0,
            0.0,
            0.0,
            0.0,
            0.0,
            0.0,
            0.0,
            0.0
        ],
        "shape": [
            44
        ],
        "count": 957157
    },
    "curriculum_state": {
        "stage": "SHOOT",
        "difficulty": 0.5060090846990499,
        "stage_iterations": 21,
        "ema_touch_rate": 0.9166078944898368,
        "ema_goal_rate": 0.15565991741281957
    }
}