{
    "cumulative_timesteps": 18001461,
    "cumulative_model_updates": 2142,
    "policy_average_reward": 7.1880304925511425,
    "epoch": 179,
    "ts_since_last_save": 2000177,
    "reward_running_stats": {
        "mean": [
            3.0989773273468018
        ],
        "var": [
            187032.46875
        ],
        "shape": [
            1
        ],
        "count": 27000
    },
    "obs_running_stats": {
        "mean": [
            0.00018163182539865375,
            0.24106119573116302,
            0.016053901985287666,
            0.0006188486004248261,
            -0.021229971200227737,
            0.7398768663406372,
            0.0003673181345220655,
            0.11957982182502747,
            0.0003277070354670286,
            0.06620007008314133,
            0.6342145204544067,
            -0.0010774739785119891,
            0.033488672226667404,
            0.037290267646312714,
            -5.3395910072140396e-05,
            -0.016786472871899605,
            0.00012214349408168346,
            -0.006242638453841209,
            0.26330915093421936,
            0.15711021423339844,
            0.15230996906757355,
            0.09196259826421738,
            0.06930863112211227,
            0.18479719758033752,
            0.5315444469451904,
            0.2140735685825348,
            0.004307269584387541,
            -0.935713529586792,
            -0.011008982546627522,
            0.011069556698203087,
            0.8545154333114624,
            -0.01674431748688221,
            0.9584162831306458,
            0.7447791695594788,
            0.08693253993988037,
            0.09731235355138779,
            0.009659084491431713,
            0.005296395625919104,
            -0.10128876566886902,
            9.72694469965063e-05,
            0.07610151171684265,
            0.10115069895982742,
            0.00948539562523365,
            0.40769046545028687
        ],
        "var": [
            952877.125,
            1235614.0,
            232423.59375,
            271177.65625,
            266753.625,
            614124.75,
            125599.953125,
            238077.09375,
            10310.5185546875,
            77340.0546875,
            597436.5625,
            134086.796875,
            118837.2421875,
            9553.5927734375,
            10504.505859375,
            21710.291015625,
            2778.63623046875,
            908324.3125,
            1278202.875,
            140063.34375,
            58284.83203125,
            19467.48828125,
            9153.296875,
            198559.671875,
            779729.125,
            1283605.625,
            261632.46875,
            24833.60546875,
            1166.3331298828125,
            591859.5625,
            86803.6171875,
            3461.442138671875,
            394196.5,
            341590.375,
            887673.3125,
            711383.625,
            8008.376953125,
            148420.84375,
            280194.625,
            17112.447265625,
            854624.3125,
            1033268.5625,
            9038.091796875,
            305890.25
        ],
        "shape": [
            44
        ],
        "count": 2571661
    },
    "curriculum_state": {
        "stage": "SELF_PLAY",
        "difficulty": 0.9999981672493642,
        "stage_iterations": 136,
        "ema_touch_rate": 0.9999999992583379,
        "ema_goal_rate": 0.9999999857696615
    }
}