{
    "cumulative_timesteps": 1400092,
    "cumulative_model_updates": 26,
    "policy_average_reward": 1.2303504629092537,
    "epoch": 6,
    "ts_since_last_save": 400012,
    "reward_running_stats": {
        "mean": [
            -0.04248220473527908
        ],
        "var": [
            406.8800964355469
        ],
        "shape": [
            1
        ],
        "count": 1050
    },
    "obs_running_stats": {
        "mean": [
            -0.006650412920862436,
            -0.08839186280965805,
            0.05039306357502937,
            -0.0002326375397387892,
            0.04890042543411255,
            -0.00030490418430417776,
            -0.0020948988385498524,
            0.0854441449046135,
            0.036696650087833405,
            0.0006983894854784012,
            -0.0027596529107540846,
            0.4024805724620819,
            -0.0032758188899606466,
            -0.0009753473568707705,
            0.0015136983711272478,
            0.04716990143060684,
            0.16147208213806152,
            -1.2047435965500952e-11,
            -8.116137102665011e-12,
            0.04614574462175369,
            -9.964903522566987e-14,
            -4.665091555243472e-13,
            3.3003973385348218e-06,
            0.006650518625974655,
            0.08839196711778641,
            0.050393082201480865,
            0.0002326370304217562,
            -0.04890047013759613,
            -0.0003049049118999392,
            0.047169819474220276,
            0.16147200763225555
        ],
        "var": [
            57330.9609375,
            49229.078125,
            576.2362670898438,
            8372.2861328125,
            10042.3798828125,
            1283.1739501953125,
            79533.640625,
            84235.6953125,
            34535.2734375,
            44466.39453125,
            41891.3828125,
            81266.9296875,
            39764.3046875,
            41859.31640625,
            18115.75390625,
            4542.95654296875,
            27103.625,
            7792.97509765625,
            6193.837890625,
            15.341414451599121,
            55.64975357055664,
            67.96466064453125,
            3.3935887813568115,
            57330.9609375,
            49229.078125,
            576.2363891601562,
            8372.2841796875,
            10042.3759765625,
            1283.1728515625,
            4542.9521484375,
            27103.626953125
        ],
        "shape": [
            31
        ],
        "count": 200044
    }
}