{
    "cumulative_timesteps": 25302789,
    "cumulative_model_updates": 2925,
    "policy_average_reward": 2.194135232275375,
    "epoch": 247,
    "ts_since_last_save": 2000454,
    "reward_running_stats": {
        "mean": [
            2.5092648271092592
        ],
        "var": [
            429967.7496207053
        ],
        "shape": [
            1
        ],
        "count": 37950
    },
    "obs_running_stats": {
        "mean": [
            -0.00022407616596106943,
            0.254947249186585,
            0.015891942588187036,
            0.0006096902538373296,
            -0.01745495156463789,
            0.7736648940331905,
            0.0006058104534502945,
            0.13033652798228085,
            0.00033908042563551914,
            0.06555668771719171,
            0.6831386649494839,
            -0.0019714773102594775,
            0.041075624270494396,
            0.05057364981937001,
            -0.00017904230121794476,
            -0.02611764358545696,
            0.0002795428929386811,
            -0.006664143193554563,
            0.27516960071224633,
            0.17560036373925772,
            0.1644560037280885,
            0.10646654143468297,
            0.07995791558880783,
            0.2199478217613653,
            0.5646306471003072,
            0.21828341673043233,
            0.002461985994299968,
            -0.7003183429153643,
            -0.010211582440997092,
            0.007554952834015877,
            0.6378271196860713,
            -0.015380724050060642,
            0.9640230831298549,
            0.733280166707485,
            0.06043184640424838,
            0.10678674233082604,
            0.007728642749977131,
            0.0033200017730796697,
            -0.14975533718918554,
            0.0001223795805889521,
            0.04738960120466136,
            0.11676098413624114,
            0.007442085683790561,
            0.3818283247611849
        ],
        "var": [
            1322326.8360167576,
            1760163.9322522704,
            295709.2896238091,
            336791.3667277822,
            335385.81016504456,
            767144.8997105744,
            187573.26734888097,
            377909.87017702137,
            13182.320375684234,
            104168.15924440823,
            783285.8978780746,
            177375.02306691348,
            203647.13730898435,
            24671.453347425322,
            17181.448555979565,
            45238.785058930385,
            5312.315342605729,
            1179419.9870094177,
            1837741.9999732825,
            209027.24256388872,
            90098.25083068345,
            35777.654798209085,
            24077.20344869734,
            282845.985860257,
            1015750.9246649898,
            1850678.9085753066,
            358557.7216151576,
            1449052.2702126554,
            1853.1635953262592,
            786896.4042301213,
            1341299.8860725635,
            4218.517136091342,
            528353.9921431312,
            471627.8715272772,
            1009034.147497452,
            937245.6240684974,
            11372.966227910752,
            231490.55101897646,
            557992.3284346698,
            22795.138887119912,
            1214415.2524557265,
            1676882.1597468846,
            32516.663951759587,
            393912.91501829436
        ],
        "shape": [
            44
        ],
        "count": 3614705
    },
    "curriculum_state": {
        "stage": "SELF_PLAY",
        "difficulty": 0.9999999651609569,
        "stage_iterations": 167,
        "ema_touch_rate": 0.9999999999992657,
        "ema_goal_rate": 0.999999999985907
    }
}