{
    "cumulative_timesteps": 2000157,
    "cumulative_model_updates": 222,
    "policy_average_reward": 0.536664282076284,
    "epoch": 19,
    "ts_since_last_save": 2000157,
    "reward_running_stats": {
        "mean": [
            0.5902283787727356
        ],
        "var": [
            6350.67333984375
        ],
        "shape": [
            1
        ],
        "count": 3000
    },
    "obs_running_stats": {
        "mean": [
            0.00011089246982010081,
            0.947871208190918,
            0.0,
            0.0,
            0.0,
            1.0,
            0.0,
            0.0,
            0.0,
            0.0,
            0.0,
            0.0,
            0.3248971104621887,
            1.0,
            0.0,
            0.0,
            0.0,
            0.0,
            6.532671250170097e-06,
            0.036664966493844986,
            0.03632583096623421,
            3.6909709706378635e-06,
            0.006663474719971418,
            0.0,
            0.0,
            0.0,
            0.0,
            0.000106288272945676,
            0.8950660228729248,
            0.3206746280193329,
            0.03225591406226158,
            0.009498157538473606,
            0.0446428582072258,
            0.0,
            0.9439266920089722,
            0.8874520659446716,
            -0.000177195412106812,
            -0.9962364435195923,
            -0.00395889300853014,
            -0.0001018986658891663,
            0.9988383054733276,
            -0.0022084752563387156,
            0.5715643167495728,
            1.021393060684204,
            0.0,
            0.0,
            0.0,
            0.0,
            0.0,
            0.0,
            0.0,
            0.0,
            0.0,
            0.0
        ],
        "var": [
            28159.6640625,
            840.0913696289062,
            0.0,
            0.0,
            0.0,
            0.0,
            0.0,
            0.0,
            0.0,
            0.0,
            0.0,
            0.0,
            1486.4906005859375,
            0.0,
            0.0,
            0.0,
            0.0,
            0.0,
            82.01571655273438,
            26.344482421875,
            0.0,
            4.230555057525635,
            16.890623092651367,
            0.0,
            0.0,
            0.0,
            0.0,
            24773.814453125,
            1101.5634765625,
            1563.4071044921875,
            13.958086967468262,
            8.0313720703125,
            0.0,
            0.0,
            215.4672088623047,
            1240.42578125,
            1857.87158203125,
            2.5450778007507324,
            0.020219044759869576,
            578.3461303710938,
            0.24251048266887665,
            0.001963386544957757,
            417.04248046875,
            418.4679870605469,
            0.0,
            0.0,
            0.0,
            0.0,
            0.0,
            0.0,
            0.0,
            0.0,
            0.0,
            0.0
        ],
        "shape": [
            54
        ],
        "count": 285760
    },
    "curriculum_state": {
        "stage": "CONTACT",
        "difficulty": 0.0,
        "stage_iterations": 20,
        "ema_touch_rate": 0.0,
        "ema_goal_rate": 0.0
    }
}