{
    "cumulative_timesteps": 21301048,
    "cumulative_model_updates": 2418,
    "policy_average_reward": 26.740100074086367,
    "epoch": 206,
    "ts_since_last_save": 2000152,
    "reward_running_stats": {
        "mean": [
            1.7229557340659747
        ],
        "var": [
            300673.9606814923
        ],
        "shape": [
            1
        ],
        "count": 31950
    },
    "obs_running_stats": {
        "mean": [
            0.0016014890449856224,
            0.18968440340189707,
            0.008415931747165208,
            -0.00046267029538742084,
            -0.001132942881852959,
            0.7876338396572198,
            0.00045302437440734785,
            0.05243205085134248,
            0.0005839150317231706,
            0.07695658668700925,
            0.6709103691477395,
            0.0014281400367020813,
            0.023262954142433713,
            0.05871360517554056,
            9.4234833752182e-05,
            -0.01307473541221623,
            -8.279230226562994e-05,
            0.006017403359144713,
            0.15552700155751253,
            0.17630720026073582,
            0.1542785326402184,
            0.10970441743390028,
            0.09220968369750224,
            0.2115186243169032,
            0.6622185345219092,
            0.08063089783668799,
            -0.0026625057298009934,
            -0.31663904583983205,
            -0.014860981752689547,
            -0.005443744189173279,
            0.31778459737044196,
            -0.013530800050716859,
            0.7928879738707946,
            0.923839164688491,
            0.00021552680106863342,
            0.017620574174971242,
            -1.2242252870945636e-22,
            -3.198200157342288e-05,
            -0.031021566530208447,
            5.161607022330893e-22,
            -0.0004744193099243747,
            0.04572643234828352,
            3.1763695132357915e-22,
            0.13743083300719736
        ],
        "var": [
            1154942.4236191495,
            1541714.0837431534,
            236522.9206235171,
            289828.4668996786,
            268243.8413547081,
            596984.6617552143,
            182296.39556916337,
            262832.467977711,
            15210.157485418107,
            100340.20732808656,
            671807.3532109117,
            149596.40223345198,
            149029.97927133075,
            31523.10349295377,
            16488.559644525132,
            26370.21610586559,
            5652.343854544942,
            1077362.386319892,
            1619500.0572726936,
            177784.16842071805,
            69979.01014560982,
            22831.280270553376,
            36273.915547146724,
            208697.97123432744,
            735433.9725798018,
            1596214.2712083315,
            545991.394630523,
            2187938.781043457,
            3375.4657828823665,
            522730.61006509117,
            2209883.6401978782,
            3801.2682454727073,
            455437.2713111328,
            411337.72673755063,
            146539.88542946317,
            187670.26906815512,
            18721.87651077533,
            133482.11126114213,
            252839.30718255308,
            21282.81006093801,
            811141.3679521149,
            1104701.7168442775,
            91775.5481329194,
            106284.24950018965
        ],
        "shape": [
            44
        ],
        "count": 3043026
    },
    "curriculum_state": {
        "stage": "SELF_PLAY",
        "difficulty": 0.9988582221228341,
        "stage_iterations": 53,
        "ema_touch_rate": 0.9999926924918137,
        "ema_goal_rate": 0.9999153212393581
    }
}