{
    "cumulative_timesteps": 0,
    "cumulative_model_updates": 0,
    "policy_average_reward": null,
    "epoch": 0,
    "ts_since_last_save": 0,
    "reward_running_stats": {
        "mean": [
            0.0
        ],
        "var": [
            0.0
        ],
        "shape": [
            1
        ],
        "count": 0
    },
    "obs_running_stats": {
        "mean": [
            -0.26196739077568054,
            0.9476081132888794,
            0.0,
            0.0,
            0.0,
            1.0,
            0.0,
            0.0,
            0.0,
            0.0,
            0.0,
            0.0,
            0.29699069261550903,
            1.0,
            0.0,
            0.0,
            0.0,
            0.0,
            -0.015249891206622124,
            0.03483130782842636,
            0.03632583096623421,
            0.0023340629413723946,
            0.00035328243393450975,
            0.0,
            0.0,
            0.0,
            0.0,
            -0.2499064952135086,
            0.896530032157898,
            0.32046058773994446,
            0.031012024730443954,
            0.005118042230606079,
            0.0446428582072258,
            0.0,
            0.9466560482978821,
            0.8885936737060547,
            0.0157991424202919,
            -0.9997159838676453,
            -0.003900696523487568,
            0.010147130116820335,
            0.9998857378959656,
            -0.002232767641544342,
            0.5800312757492065,
            1.010319709777832,
            0.0,
            0.0,
            0.0,
            0.0,
            0.0,
            0.0,
            0.0,
            0.0,
            0.0,
            0.0
        ],
        "var": [
            0.062079377472400665,
            0.004744431935250759,
            0.0,
            0.0,
            0.0,
            0.0,
            0.0,
            0.0,
            0.0,
            0.0,
            0.0,
            0.0,
            0.0024233798030763865,
            0.0,
            0.0,
            0.0,
            0.0,
            0.0,
            0.00024739932268857956,
            8.853923645801842e-06,
            0.0,
            1.4531581655319314e-05,
            3.122392081422731e-05,
            0.0,
            0.0,
            0.0,
            0.0,
            0.05754716321825981,
            0.0025655266363173723,
            0.0020585886668413877,
            1.9278806576039642e-05,
            4.512110081122955e-06,
            0.0,
            0.0,
            0.00023590622004121542,
            0.00273338844999671,
            0.0006059383158572018,
            1.5028547295514727e-07,
            1.3361729145344725e-07,
            0.00024099633446894586,
            2.490014594513923e-08,
            1.4221284594384542e-08,
            0.0029544818680733442,
            0.002911847550421953,
            0.0,
            0.0,
            0.0,
            0.0,
            0.0,
            0.0,
            0.0,
            0.0,
            0.0,
            0.0
        ],
        "shape": [
            54
        ],
        "count": 2
    },
    "curriculum_state": {
        "stage": "CONTACT",
        "difficulty": 0.0,
        "stage_iterations": 1,
        "ema_touch_rate": 0.0,
        "ema_goal_rate": 0.0
    }
}