{
    "cumulative_timesteps": 2000000,
    "cumulative_model_updates": 222,
    "policy_average_reward": 17.86609097007769,
    "epoch": 19,
    "ts_since_last_save": 2000000,
    "reward_running_stats": {
        "mean": [
            2.703106164932251
        ],
        "var": [
            123848.078125
        ],
        "shape": [
            1
        ],
        "count": 3000
    },
    "obs_running_stats": {
        "mean": [
            0.009711450897157192,
            0.3825453519821167,
            -0.007839415222406387,
            0.007230994291603565,
            0.0075476039201021194,
            0.2901684045791626,
            0.008626007474958897,
            0.1809765249490738,
            0.0077874865382909775,
            -0.011878835037350655,
            0.021085001528263092,
            -0.0031477087177336216,
            0.04728180542588234,
            0.06779072433710098,
            0.0051376232877373695,
            0.9296419620513916,
            0.15049895644187927,
            0.0,
            -0.014584598131477833,
            -0.16321469843387604,
            -0.0029663019813597202,
            -0.0027513266541063786,
            -0.058423034846782684,
            -0.002957915421575308,
            -0.21345530450344086,
            0.009736320935189724,
            -0.007309732027351856,
            -0.02869737707078457,
            -0.22305777668952942,
            -0.006061633117496967,
            0.25163230299949646,
            0.013918216340243816,
            0.04498642310500145,
            -0.1672811359167099,
            -0.060800950974226,
            -0.23631124198436737,
            -0.011918578296899796,
            -0.9776531457901001,
            -0.016744807362556458,
            -0.014792323112487793,
            0.942903459072113,
            -0.023431120440363884,
            0.8491830825805664,
            0.7859238982200623,
            0.0,
            0.0,
            0.0,
            0.0,
            0.0,
            0.0,
            0.0,
            0.0,
            0.0,
            0.0
        ],
        "var": [
            79351.5234375,
            103494.0390625,
            61003.2109375,
            75394.703125,
            64099.67578125,
            122115.6171875,
            11253.0966796875,
            19287.373046875,
            2295.361328125,
            205271.234375,
            257735.671875,
            53571.6796875,
            3463.00244140625,
            18017.8125,
            1458.2015380859375,
            18626.484375,
            36541.62109375,
            0.0,
            29462.80078125,
            26137.912109375,
            608.40673828125,
            1698.6998291015625,
            2911.998291015625,
            339.6182556152344,
            31909.330078125,
            15744.96484375,
            4618.04345703125,
            100023.65625,
            166079.359375,
            5148.00390625,
            11983.326171875,
            152.77386474609375,
            5.522460460662842,
            20462.5546875,
            125028.953125,
            165171.375,
            11641.53515625,
            620.9664306640625,
            105.42445373535156,
            26203.470703125,
            4568.7509765625,
            696.779052734375,
            22633.8203125,
            19026.14453125,
            0.0,
            0.0,
            0.0,
            0.0,
            0.0,
            0.0,
            0.0,
            0.0,
            0.0,
            0.0
        ],
        "shape": [
            54
        ],
        "count": 285730
    },
    "curriculum_state": {
        "stage": "DRIBBLE",
        "difficulty": 0.0,
        "stage_iterations": 7,
        "ema_touch_rate": 0.21756416000000003,
        "ema_goal_rate": 0.0
    }
}