{
    "cumulative_timesteps": 19301545,
    "cumulative_model_updates": 2223,
    "policy_average_reward": 1.0193315689923979,
    "epoch": 188,
    "ts_since_last_save": 400044,
    "reward_running_stats": {
        "mean": [
            3.1080470329795427
        ],
        "var": [
            203856.053815845
        ],
        "shape": [
            1
        ],
        "count": 28950
    },
    "obs_running_stats": {
        "mean": [
            -1.1420884564386122e-05,
            0.2581081289389576,
            0.01570716619860758,
            0.0007108663093406888,
            -0.021139986408325394,
            0.7511767170165861,
            0.0003917253254200155,
            0.13096174319757758,
            0.0003142007120432719,
            0.06611732054128625,
            0.6509028474029807,
            -0.0012242182581610373,
            0.03946250994076737,
            0.03952432464957322,
            -8.044016548281248e-05,
            -0.018943571354234384,
            0.0001771292316166789,
            -0.006797550620675973,
            0.28154038520096,
            0.16214926960606363,
            0.15354999041962034,
            0.09500818653684878,
            0.07055444343398844,
            0.19747249207088197,
            0.5441183625912216,
            0.23391889085647016,
            0.004278725544671125,
            -0.9183346874410405,
            -0.010589155910039071,
            0.011008048416624023,
            0.8382934488534877,
            -0.01638387674928183,
            0.9623398495555825,
            0.7379183499649632,
            0.08194163419616249,
            0.11122012649548214,
            0.010131615132292176,
            0.0051571340513008705,
            -0.11651947763998798,
            0.00016042956709085796,
            0.0711467772920977,
            0.11867243464818171,
            0.009755962381613779,
            0.41100124386985987
        ],
        "var": [
            1006793.2173250492,
            1325468.9711634852,
            240103.16823040368,
            278129.0309480989,
            275385.65483942366,
            636064.817409328,
            134372.89936268603,
            268247.0938633602,
            10624.786250901527,
            81369.20424868293,
            627402.01486027,
            138393.59392995737,
            130656.40296476513,
            10688.749774147049,
            11306.552330696906,
            25413.56780237755,
            3061.6997202980947,
            944660.9219779037,
            1366807.4587719887,
            151532.193219562,
            62698.2641972608,
            22951.13781193571,
            10215.457466577165,
            218178.26720994167,
            816099.3511494845,
            1372153.4393826593,
            269164.8834274387,
            129237.54471622409,
            1187.5171209288912,
            626637.6595214347,
            177672.17530466412,
            3605.364665792525,
            418808.06178472424,
            363544.8947622697,
            931599.2057453122,
            768199.7673929617,
            8410.409571365992,
            160388.23503517246,
            320829.49103377905,
            18157.69788048649,
            923656.0354332275,
            1136886.682363985,
            10496.495531042048,
            322326.1222003637
        ],
        "shape": [
            44
        ],
        "count": 2757385
    },
    "curriculum_state": {
        "stage": "SELF_PLAY",
        "difficulty": 0.9999985807179076,
        "stage_iterations": 138,
        "ema_touch_rate": 0.9999999995253364,
        "ema_goal_rate": 0.9999999908925836
    }
}