{
    "cumulative_timesteps": 16206570,
    "cumulative_model_updates": 1150,
    "policy_average_reward": 980.9443915173881,
    "epoch": 149,
    "ts_since_last_save": 1500628,
    "reward_running_stats": {
        "mean": [
            9.835008147510772
        ],
        "var": [
            1829695.6076019835
        ],
        "shape": [
            1
        ],
        "count": 23250
    },
    "obs_running_stats": {
        "mean": [
            0.014294014480685392,
            0.22771522261538488,
            0.046045251984186374,
            0.0005981535505066569,
            0.06293722461350791,
            -0.000309817700967849,
            0.02736518268449936,
            0.1333752433554032,
            0.034920131289723134,
            -0.000425202705704825,
            -0.01986904872242746,
            0.44827794841462315,
            0.0007557617130387025,
            -0.013242162706261811,
            0.0012991781447749828,
            0.039685397057289566,
            0.22909496206713015,
            1.3766806972908665e-13,
            -1.7103398607030455e-13,
            0.049429614222036046,
            -1.3383380869768804e-13,
            -9.279111014086785e-15,
            -1.227012209213021e-05,
            -0.00022929218258913668,
            -0.024125905866099757,
            0.00010649339266201316,
            -0.028588037438153524,
            -0.4554302804207899,
            -6.441502355791662e-14,
            -0.0011963060365831719,
            -0.12587428442462084,
            2.918087591581546e-13,
            0.039685399632241235,
            0.22909496850450806,
            -0.017504956038752056,
            -0.38189467947136413,
            0.013550622451875308,
            0.4061302922082869,
            -0.027673598167946428,
            -0.5149579953864388,
            -8.629849402170674e-13,
            0.6561727566699804,
            -1.3722978927531249e-12,
            -1.6889495390621005e-11,
            -0.018107900907522533,
            0.8266403448003522,
            0.028457204991054065
        ],
        "var": [
            575603.9583338535,
            535979.0490823208,
            5872.945480818074,
            90500.47396734102,
            142930.76305899827,
            13115.494423229851,
            932850.1276426138,
            961198.8426687478,
            375455.4996183865,
            459920.96389259,
            460590.0371885155,
            928570.6419344898,
            440086.62706954463,
            437290.00662615855,
            204225.65249745647,
            46231.91951405262,
            408914.63762027916,
            321062.99424194463,
            229100.55082447844,
            1751.7709108156027,
            3021.2433615971668,
            3767.15806580876,
            284.51384164271144,
            13769.755539656275,
            22290.20147444069,
            2180.692173352418,
            837327.2906480675,
            1241378.798494006,
            11376.01711232162,
            179503.56041620686,
            390118.55954622524,
            25991.48722069153,
            46231.91909979661,
            408914.6397859172,
            856757.3495899083,
            1101374.2137656761,
            18315.32049764737,
            152486.84865079215,
            612387.8514788842,
            1077694.528510723,
            9428.890992900951,
            339369.4077180967,
            185764.40355184977,
            2128171.5900407475,
            598.24675207007,
            127646.47134083128,
            133212.28328945348
        ],
        "shape": [
            47
        ],
        "count": 2315250
    }
}