{
    "cumulative_timesteps": 24801974,
    "cumulative_model_updates": 1870,
    "policy_average_reward": 74973.66936032378,
    "epoch": 238,
    "ts_since_last_save": 1100060,
    "reward_running_stats": {
        "mean": [
            185.60827056908622
        ],
        "var": [
            13541513327.206848
        ],
        "shape": [
            1
        ],
        "count": 37200
    },
    "obs_running_stats": {
        "mean": [
            0.10537438781085136,
            0.1899172120001203,
            0.03795186446570582,
            0.0002895149372005364,
            0.07609429976935204,
            0.0005086875130941071,
            -0.025966604420446127,
            0.24156121790078608,
            0.03650514931259532,
            -0.015316865669852794,
            -0.012449356205917046,
            0.5150961942915856,
            0.011191664941562552,
            0.0026789823322700235,
            -0.00030948272259507853,
            0.04899932535431285,
            0.40906650751617263,
            0.11279656430705137,
            0.21730090391241777,
            0.06915921176567034,
            0.000317484019347862,
            0.007913962523214054,
            8.545891620946554e-05,
            0.00020650329437243582,
            -0.021255518229370593,
            -0.00010953796298520695,
            0.0,
            0.0,
            0.0,
            0.0,
            0.0,
            0.0,
            0.0,
            0.0,
            0.08636336653135691,
            0.20013763699171938,
            0.20113379436074438,
            0.17193656009211453,
            0.0,
            0.0,
            0.0,
            0.0,
            -0.13827346416641012,
            0.8274173447389791,
            -0.044915505309037,
            0.6986136129359491,
            0.14359398470762563
        ],
        "var": [
            958202.6950815563,
            929637.9370811537,
            11469.48225999644,
            179351.70213010747,
            273374.5726545992,
            17150.58162341834,
            1403660.9849407536,
            1448424.4475683132,
            477204.5886767544,
            610560.2383395938,
            572272.977984591,
            1418853.3105655615,
            598422.3418073385,
            622466.5445674078,
            199700.84017649517,
            87621.40201238496,
            856489.5548360099,
            879278.2520050093,
            759692.7838682499,
            18256.67898103628,
            15453.342810732203,
            20021.902441240516,
            2503.5335291062947,
            14890.826427685972,
            25184.02878642858,
            3619.3846412213293,
            0.0,
            0.0,
            0.0,
            0.0,
            0.0,
            0.0,
            0.0,
            0.0,
            1239270.8263312385,
            1693034.6059001961,
            299158.9531589817,
            144148.30521473743,
            0.0,
            0.0,
            0.0,
            0.0,
            852905.5854450768,
            170130.28445987985,
            19513.25983447934,
            397762.74685790436,
            233966.39601272828
        ],
        "shape": [
            47
        ],
        "count": 3543150
    }
}