{
    "cumulative_timesteps": 18001572,
    "cumulative_model_updates": 1386,
    "policy_average_reward": 441.29386005100747,
    "epoch": 175,
    "ts_since_last_save": 200020,
    "reward_running_stats": {
        "mean": [
            7.142292240198552
        ],
        "var": [
            2643526.1013382166
        ],
        "shape": [
            1
        ],
        "count": 27000
    },
    "obs_running_stats": {
        "mean": [
            0.037273551116172234,
            0.09992210474725577,
            0.04479090590637546,
            -0.0005567952969931759,
            0.07974628823445767,
            0.000690804126364999,
            0.008594259770679954,
            0.17805070314069182,
            0.041725607401907144,
            -0.005815340686117342,
            -0.011126876245937568,
            0.37825708225381843,
            0.011305428495633825,
            -0.0009623542945710573,
            -0.0016049491564708875,
            0.054188544202771194,
            0.23303181521473135,
            0.03958434278450419,
            0.12111439648998407,
            0.06863063365720463,
            3.251596063209463e-05,
            0.005410695688939653,
            4.8716646295756305e-05,
            0.000245954150063739,
            -0.02515871397062206,
            -0.0002160916014594215,
            0.0,
            0.0,
            0.0,
            0.0,
            0.0,
            0.0,
            0.0,
            0.0,
            0.01783230002961118,
            0.08631358047636337,
            0.11069730932422904,
            0.21576445409331899,
            0.0,
            0.0,
            0.0,
            0.0,
            -0.03893661353200253,
            0.8766339300550234,
            -0.03173502051139086,
            0.7656566797378264,
            0.14136836528117375
        ],
        "var": [
            720280.8145617722,
            612279.2396197808,
            9454.526236652693,
            142215.09072640777,
            233596.5256508938,
            15566.556129177128,
            954525.2155992473,
            1091489.8985962328,
            439456.49887600885,
            548790.9439590895,
            531056.3810855694,
            1123463.3649474927,
            566433.3779383072,
            583341.1870104723,
            173885.92163541148,
            68763.11818117382,
            459628.69885843917,
            639154.4959824621,
            460447.3969029375,
            14924.141241703694,
            10708.994827696928,
            15618.416612985286,
            1944.199049132401,
            13908.026650535894,
            22993.270483605436,
            3134.4976123057145,
            0.0,
            0.0,
            0.0,
            0.0,
            0.0,
            0.0,
            0.0,
            0.0,
            1002268.7109211001,
            1374881.3610092814,
            143026.24351614437,
            119462.66141772592,
            0.0,
            0.0,
            0.0,
            0.0,
            497914.35325499094,
            84745.58393049448,
            6225.2786026489575,
            230487.5627122455,
            204662.1176353627
        ],
        "shape": [
            47
        ],
        "count": 2571666
    }
}