{
    "cumulative_timesteps": 14705942,
    "cumulative_model_updates": 1042,
    "policy_average_reward": 419.73169765786236,
    "epoch": 135,
    "ts_since_last_save": 3401492,
    "reward_running_stats": {
        "mean": [
            9.777031153417887
        ],
        "var": [
            1591563.2955423146
        ],
        "shape": [
            1
        ],
        "count": 21000
    },
    "obs_running_stats": {
        "mean": [
            0.015240464378960998,
            0.24091037825793252,
            0.04695957376452702,
            0.0006343968994796838,
            0.0679006244964335,
            -0.0002832984979849572,
            0.024623629958657446,
            0.13445116084942774,
            0.03571565633803217,
            -0.0005570605036791099,
            -0.02000803787855552,
            0.4346056209849332,
            -0.00703030002893748,
            -0.01169821480641066,
            0.0016721781113215115,
            0.03942356339542425,
            0.20869061806880562,
            1.5171575950827721e-13,
            -1.8848634323042016e-13,
            0.048867225218725205,
            -1.4749024953808865e-13,
            -1.0225955193794095e-14,
            -3.949398788845008e-06,
            -0.00024318546561893518,
            -0.02602853942004478,
            0.00010464842830421216,
            -0.03048093810243585,
            -0.4818205748818733,
            -7.098795223958132e-14,
            -0.0012687926230828986,
            -0.1358010673719208,
            3.2158500930018145e-13,
            0.03942356623312374,
            0.20869062516305384,
            -0.019202410208646215,
            -0.36908803195384726,
            0.00859693954411675,
            0.43236728993825074,
            -0.027933655889656593,
            -0.4952532255093309,
            -9.510441785737562e-13,
            0.6995191915143282,
            -1.512327566664766e-12,
            -1.8612904422305142e-11,
            -0.017778648061422465,
            0.8219786017770468,
            0.021844642740223685
        ],
        "var": [
            505140.7214297861,
            487607.2801201864,
            5362.098588478421,
            82035.71942067509,
            134428.50956261766,
            12214.0641715644,
            834044.32633804,
            877624.530972468,
            347273.04496877623,
            427734.9025126977,
            427408.0745031192,
            848076.3703668496,
            407091.2542551034,
            407678.6772235342,
            187967.26125897706,
            40976.679572114976,
            346953.50315185013,
            244982.26608542431,
            182809.96196124438,
            1459.8963871534115,
            2265.4817107108784,
            3110.7921987039604,
            223.55607079954328,
            12823.026760471072,
            21178.084399480653,
            1997.1332172464804,
            820247.366408705,
            1214019.734976546,
            10409.441113827734,
            168364.6847018535,
            372917.7533308509,
            24189.876571136574,
            40976.67916098144,
            346953.5059256943,
            761700.0919360261,
            1040538.1693796983,
            11509.65081801701,
            133116.92460864392,
            544540.3022620986,
            1033074.5492145107,
            6324.276916149586,
            290576.4992674366,
            144333.37599807733,
            1955435.9770667339,
            486.0038308453895,
            102039.52668731989,
            125252.51317073534
        ],
        "shape": [
            47
        ],
        "count": 2100876
    }
}