{
    "cumulative_timesteps": 22501118,
    "cumulative_model_updates": 2562,
    "policy_average_reward": 22.20564359993843,
    "epoch": 218,
    "ts_since_last_save": 1200070,
    "reward_running_stats": {
        "mean": [
            1.6743560700146758
        ],
        "var": [
            320715.95258462965
        ],
        "shape": [
            1
        ],
        "count": 33750
    },
    "obs_running_stats": {
        "mean": [
            0.0010922056491976207,
            0.18175172718056026,
            0.009440334585209468,
            -0.0006180945428940281,
            -0.0010990426777887454,
            0.7888232604432173,
            0.00041896404362291856,
            0.05072187885534248,
            0.0005448131040055077,
            0.076675713613276,
            0.6743176146898021,
            0.0014451143302088706,
            0.024107274168758117,
            0.060391679527758695,
            9.300361136987976e-05,
            -0.012793794221214546,
            -6.657753332613789e-05,
            0.004973115036511292,
            0.1500580648326545,
            0.18022923809471084,
            0.15402331581951378,
            0.11219429985129296,
            0.09412097306745312,
            0.21651669847897162,
            0.6650374458797349,
            0.07302284430089467,
            -0.0024440221766531267,
            -0.2993579380155319,
            -0.014939302748348596,
            -0.005084565858324493,
            0.30113118503378317,
            -0.013686735493510696,
            0.7972438919610123,
            0.9212505399075213,
            0.00039031549694554783,
            0.020850831330165603,
            -3.3666230736069053e-22,
            -1.047821092086589e-05,
            -0.031539489247863386,
            3.8381180422460484e-22,
            -0.0005785636796274196,
            0.05495574750779513,
            -2.9447614660758405e-22,
            0.14017430731652264
        ],
        "var": [
            1224434.5063873944,
            1634014.3800596697,
            249404.56389215187,
            305985.4253841752,
            282817.96855058585,
            625309.1862071226,
            196326.5426253917,
            284658.8068242535,
            16302.242824872801,
            107286.18265125991,
            705877.9900015276,
            157421.62726958882,
            156473.4198098529,
            34589.769899093866,
            17625.9997125965,
            28310.7414117134,
            6186.377919137073,
            1138797.9415219685,
            1707457.973244815,
            191260.66149227397,
            73616.77103326232,
            24478.37891566707,
            40011.91706266099,
            222054.70769809283,
            765798.2927641755,
            1680969.3272076885,
            583988.2957795535,
            2338064.145936944,
            3678.1076000688913,
            560899.2532028444,
            2358591.7639747676,
            4143.201104382081,
            483799.19896459323,
            438839.19670089567,
            157093.73221309987,
            200402.6226279353,
            20466.220466208357,
            144233.8656021238,
            274528.8907069222,
            23227.50460582879,
            881011.935676816,
            1194419.481560513,
            100279.39532807807,
            112168.96814871712
        ],
        "shape": [
            44
        ],
        "count": 3214464
    },
    "curriculum_state": {
        "stage": "SELF_PLAY",
        "difficulty": 0.8102093828769208,
        "stage_iterations": 13,
        "ema_touch_rate": 0.9450244186112,
        "ema_goal_rate": 0.9450244186112
    }
}