{
  "anchor_count": 5,
  "anchor_span_ts": 10000000,
  "avg_blue_win_rate": 0.5666666666666667,
  "avg_goal_diff_per_episode": 0.3,
  "current_checkpoint_dir": "data/checkpoints/rlgym-ppo-run-1775186637653065372/15300628",
  "current_timesteps": 15300628,
  "difficulty": 0.985279309529618,
  "reference_timesteps": 15300628,
  "refresh_after_timesteps": 25300628,
  "rows": [
    {
      "anchor_slot": 1,
      "avg_blue_return": 14.45408155750585,
      "avg_orange_return": 26.772314393147635,
      "avg_steps_per_episode": 2831.0,
      "blue_goals": 0,
      "blue_win_rate": 0.0,
      "current_checkpoint_dir": "data/checkpoints/rlgym-ppo-run-1775186637653065372/15300628",
      "current_timesteps": 15300628,
      "difficulty": 0.985279309529618,
      "draws": 2,
      "episodes": 6,
      "goal_diff_per_episode": -0.6666666666666666,
      "median_goal_steps": 1383.5,
      "opponent_checkpoint_dir": "data/checkpoints/rlgym-ppo-run-1775099053198491722/13300480",
      "opponent_timesteps": 13300480,
      "orange_goals": 4,
      "stage": "SELF_PLAY",
      "unix_time": "1775188208.046"
    },
    {
      "anchor_slot": 2,
      "avg_blue_return": 7.1254846960248726,
      "avg_orange_return": -3.063514392172419,
      "avg_steps_per_episode": 128.0,
      "blue_goals": 6,
      "blue_win_rate": 1.0,
      "current_checkpoint_dir": "data/checkpoints/rlgym-ppo-run-1775186637653065372/15300628",
      "current_timesteps": 15300628,
      "difficulty": 0.985279309529618,
      "draws": 0,
      "episodes": 6,
      "goal_diff_per_episode": 1.0,
      "median_goal_steps": 131.0,
      "opponent_checkpoint_dir": "data/checkpoints/rlgym-ppo-run-1775097396657042958/9800220",
      "opponent_timesteps": 9800220,
      "orange_goals": 0,
      "stage": "SELF_PLAY",
      "unix_time": "1775188208.046"
    },
    {
      "anchor_slot": 3,
      "avg_blue_return": 19.639376314389086,
      "avg_orange_return": 13.376929402738753,
      "avg_steps_per_episode": 2369.8333333333335,
      "blue_goals": 2,
      "blue_win_rate": 0.3333333333333333,
      "current_checkpoint_dir": "data/checkpoints/rlgym-ppo-run-1775186637653065372/15300628",
      "current_timesteps": 15300628,
      "difficulty": 0.985279309529618,
      "draws": 2,
      "episodes": 6,
      "goal_diff_per_episode": 0.0,
      "median_goal_steps": 406.0,
      "opponent_checkpoint_dir": "data/checkpoints/rlgym-ppo-run-1775097396657042958/8700122",
      "opponent_timesteps": 8700122,
      "orange_goals": 2,
      "stage": "SELF_PLAY",
      "unix_time": "1775188208.046"
    },
    {
      "anchor_slot": 4,
      "avg_blue_return": 12.081404257361918,
      "avg_orange_return": 0.3998911570827399,
      "avg_steps_per_episode": 1051.5,
      "blue_goals": 3,
      "blue_win_rate": 0.5,
      "current_checkpoint_dir": "data/checkpoints/rlgym-ppo-run-1775186637653065372/15300628",
      "current_timesteps": 15300628,
      "difficulty": 0.985279309529618,
      "draws": 1,
      "episodes": 6,
      "goal_diff_per_episode": 0.16666666666666666,
      "median_goal_steps": 87.0,
      "opponent_checkpoint_dir": "data/checkpoints/rlgym-ppo-run-1775097396657042958/6700000",
      "opponent_timesteps": 6700000,
      "orange_goals": 2,
      "stage": "SELF_PLAY",
      "unix_time": "1775188208.046"
    },
    {
      "anchor_slot": 5,
      "avg_blue_return": 6.887029955528288,
      "avg_orange_return": -4.607927856146607,
      "avg_steps_per_episode": 90.66666666666667,
      "blue_goals": 6,
      "blue_win_rate": 1.0,
      "current_checkpoint_dir": "data/checkpoints/rlgym-ppo-run-1775186637653065372/15300628",
      "current_timesteps": 15300628,
      "difficulty": 0.985279309529618,
      "draws": 0,
      "episodes": 6,
      "goal_diff_per_episode": 1.0,
      "median_goal_steps": 75.0,
      "opponent_checkpoint_dir": "data/checkpoints/rlgym-ppo-run-1775097290640605407/4700000",
      "opponent_timesteps": 4700000,
      "orange_goals": 0,
      "stage": "SELF_PLAY",
      "unix_time": "1775188208.046"
    }
  ],
  "stage": "SELF_PLAY",
  "unix_time": 1775188208.0460334
}